{
  "Giáo dục": {
    "precision": 0.925,
    "recall": 0.9367088607594937,
    "f1-score": 0.9308176100628931,
    "support": 158.0
  },
  "Giải trí - Văn hóa": {
    "precision": 0.951310861423221,
    "recall": 0.9071428571428571,
    "f1-score": 0.9287020109689214,
    "support": 280.0
  },
  "Khoa học - Công nghệ": {
    "precision": 0.7850467289719626,
    "recall": 0.7241379310344828,
    "f1-score": 0.7533632286995515,
    "support": 116.0
  },
  "Kinh doanh & Startup": {
    "precision": 0.6146788990825688,
    "recall": 0.5338645418326693,
    "f1-score": 0.5714285714285714,
    "support": 251.0
  },
  "Kinh tế - Tài chính": {
    "precision": 0.544,
    "recall": 0.5666666666666667,
    "f1-score": 0.5551020408163265,
    "support": 240.0
  },
  "Sức khỏe - Y tế": {
    "precision": 0.8409090909090909,
    "recall": 0.9068627450980392,
    "f1-score": 0.8726415094339622,
    "support": 204.0
  },
  "Thế giới": {
    "precision": 0.859375,
    "recall": 0.9361702127659575,
    "f1-score": 0.8961303462321792,
    "support": 470.0
  },
  "Thể thao": {
    "precision": 0.9777777777777777,
    "recall": 0.99,
    "f1-score": 0.9838509316770186,
    "support": 400.0
  },
  "Thời sự - Chính trị": {
    "precision": 0.8828696925329429,
    "recall": 0.9054054054054054,
    "f1-score": 0.8939955522609341,
    "support": 666.0
  },
  "Đời sống - Du lịch": {
    "precision": 0.6839080459770115,
    "recall": 0.5639810426540285,
    "f1-score": 0.6181818181818182,
    "support": 211.0
  },
  "accuracy": 0.8341121495327103,
  "macro avg": {
    "precision": 0.8064876096674574,
    "recall": 0.79709402633596,
    "f1-score": 0.8004213619762176,
    "support": 2996.0
  },
  "weighted avg": {
    "precision": 0.8302021008056173,
    "recall": 0.8341121495327103,
    "f1-score": 0.8310169712888782,
    "support": 2996.0
  }
}